Param,ParamGroup,USGSPCode,CAS_Reg
(+/-)11-nor-9-carboxy-delta-THC,,,
"(1R,2S,5R)-Menthol",,,
".alpha.,.alpha.-Dimethylphenethylamine","Organics, other",,122-09-8
.alpha.-Endosulfan,"Organics, pesticide",,959-98-8
.alpha.-Hexachlorocyclohexane,"Organics, pesticide",,319-84-6
.beta.-Endosulfan,"Organics, pesticide",,33213-65-9
.beta.-Hexachlorocyclohexane,"Organics, pesticide",,319-85-7
.delta.-Hexachlorocyclohexane,"Organics, pesticide",,319-86-8
.lambda.-Cyhalothrin,"Organics, pesticide",61595,91465-08-6
1-(Aminomethyl)cyclohexaneacetic acid,,,
"1,1,1,2-Tetrachloroethane","Organics, other",,630-20-6
"1,1,1,2-tetrachloroethane","Organics, other",,630-20-6
"1,1,1-Trichloro-2-propanone","Organics, other",,918-00-3
"1,1,1-Trichloroethane","Organics, other",,71-55-6
"1,1,1-trichloroethane","Organics, other",,71-55-6
"1,1,2,2-Tetrachloroethane","Organics, other",,79-34-5
"1,1,2,2-tetrachloroethane","Organics, other",,79-34-5
"1,1,2-Trichloroethane","Organics, other",,79-00-5
"1,1,2-trichloroethane","Organics, other",,79-00-5
"1,1-Dichloroethane","Organics, other",,75-34-3
"1,1-dichloroethane","Organics, other",,75-34-3
"1,1-Dichloroethylene",Toxicity,,75-35-4
"1,1-dichloroethylene",Toxicity,,75-35-4
"1,1-Dichloropropene","Organics, other",,563-58-6
"1,1-dichloropropene","Organics, other",,563-58-6
"1,1-Dimethylbiguanide",,,
"1,2,3,4-Tetramethylbenzene","Organics, other",49999,488-23-3
"1,2,3,5-Tetramethylbenzene","Organics, other",50000,527-53-7
"1,2,3-Trichlorobenzene","Organics, other",,87-61-6
"1,2,3-trichlorobenzene","Organics, other",,87-61-6
"1,2,3-Trichloropropane","Organics, pesticide",,96-18-4
"1,2,3-trichloropropane","Organics, pesticide",,96-18-4
"1,2,3-Trimethylbenzene","Organics, other",77221,526-73-8
"1,2,4,5-Tetrachlorobenzene","Organics, other",,95-94-3
"1,2,4-Trichlorobenzene","Organics, other",,120-82-1
"1,2,4-trichlorobenzene","Organics, other",,120-82-1
"1,2,4-Trimethylbenzene","Organics, other",,95-63-6
"1,2,4-trimethylbenzene","Organics, other",,95-63-6
"1,2-Dibromo-3-chloropropane","Organics, pesticide",,96-12-8
"1,2-Dichloroethane",Toxicity,,107-06-2
"1,2-dichloroethane",Toxicity,,107-06-2
"1,2-Dichloroethylene","Organics, other",,540-59-0
"1,2-Dichloropropane","Organics, pesticide",,78-87-5
"1,2-dichloropropane","Organics, pesticide",,78-87-5
"1,2-Dimethylnaphthalene","Organics, other",49403,573-98-8
"1,2-Diphenylhydrazine","Organics, other",,122-66-7
"1,3,4,6,7,8-Hexahydro-4,6,6,7,8,8-hexamethylcyclopenta[g]-2-benzopyran",,,
"1,3,5-Triazin-2(1H)-one, 4-(ethylamino)-6-[(1-methylethyl)amino]-","Organics, pesticide",50355,2163-68-0
"1,3,5-Trimethylbenzene","Organics, other",,108-67-8
"1,3,5-trimethylbenzene","Organics, other",,108-67-8
"1,3-Dichloropropane","Organics, pesticide",,142-28-9
"1,3-dichloropropane","Organics, pesticide",,142-28-9
"1,3-Dichloropropene","Organics, pesticide",,542-75-6
"1,3-dichloropropene","Organics, pesticide",,542-75-6
"1,4-Benzenedicarboxylic acid, 2,3,5,6-tetrachloro-, monomethyl ester","Organics, pesticide",49304,887-54-7
"1,4-Dichloro-2-butene",,,
"1,4-Dichloro-2-butyne",,,
"1,4-Dioxane","Organics, other",,123-91-1
"1,6-Dimethylnaphthalene","Organics, other",49404,575-43-9
1-Chloropropane,,,
"1H-Benzotriazole, 5-methyl-","Organics, other",61944,136-85-6
1-Methylfluorene,"Organics, other",49398,1730-37-6
1-Methylnaphthalene,"Organics, other",,90-12-0
1-Methylphenanthrene,"Organics, other",49410,832-69-9
1-Methylpyrene,"Organics, other",49388,2381-21-7
1-Naphthol,"Organics, pesticide",49295,90-15-3
1-Phenethyl-4-(phenylpropionylamino)piperidine,,,
1RS cis-Permethrin,"Organics, pesticide",49349,61949-76-6
2-(Dimethylamino)-N-hydroxy-2-oxoethanimidothioic acid methyl ester,"Organics, pesticide",50410,30558-43-1
"2,2,4,5,6,7,8,8-Octachloro-2,3,3a,4,7,7a-hexahydro-4,7-methano-1H-indene","Organics, pesticide",,5566-34-7
"2,2'-Biquinoline","Organics, other",49391,119-91-5
"2,2-Dichloropropane","Organics, other",,594-20-7
"2,2-dichloropropane","Organics, other",,594-20-7
"2,3,4,6-Tetrachlorophenol","Organics, pesticide",,58-90-2
"2,3,4-Trichlorobiphenyl","Organics, PCBs",,55702-46-0
"2,3,5,6-Tetrachlorophenol",,,
"2,3,6-Trimethylnaphthalene","Organics, other",49405,829-26-5
"2,3,7,8-tcdd","Organics, other",,
"2,4,5-T","Organics, pesticide",,93-76-5
"2,4,5-tp","Organics, pesticide",,
"2,4,5-Trichlorobiphenyl","Organics, PCBs",,15862-07-4
"2,4,5-Trichlorophenol","Organics, pesticide",,95-95-4
"2,4,6-Trichlorophenol","Organics, pesticide",,88-06-2
"2,4-D","Organics, pesticide",,94-75-7
"2,4-d","Organics, pesticide",,94-75-7
"2,4-D methyl ester","Organics, pesticide",50470,1928-38-7
"2,4-D-13C6","Organics, pesticide",,
"2,4-DB","Organics, pesticide",38746,94-82-6
"2,4-Dichlorophenol","Organics, pesticide",,120-83-2
"2,4-Dimethylphenol","Organics, pesticide",,105-67-9
"2,4-Dinitrophenol","Organics, other",,51-28-5
"2,4-Dinitrotoluene","Organics, other",,121-14-2
"2,4-Pyrimidinediamine, 5-[(3,4,5-trimethoxyphenyl)methyl]-","Organics, other",62023,738-70-5
"2,6-Dichloro-4-methylphenol",,,
"2,6-Diethylaniline","Organics, pesticide",,579-66-8
"2,6-Dimethylnaphthalene","Organics, other",,581-42-0
"2,6-Dinitrotoluene","Organics, other",,606-20-2
"2-Chloro-4,6-diamino-s-triazine","Organics, pesticide",4039,3397-62-4
2-Chloro-4-isopropylamino-6-amino-s-triazine,"Organics, pesticide",,6190-65-4
2-Chloro-6-ethylamino-4-amino-s-triazine,"Organics, pesticide",4038,1007-28-9
2-Chloroethyl vinyl ether,"Organics, other",,110-75-8
2-Chloronaphthalene,"Organics, other",,91-58-7
2-Choro-6-ethylamino-4-amino-s-triazine,,,
2-Ethyl-6-methylaniline,"Organics, pesticide",61620,24549-06-2
2-Ethylhexanol,,,
2-Ethylnaphthalene,"Organics, other",49948,939-27-5
2-Hexanone,"Organics, other",,591-78-6
2-Methyl-2-butanol,"Organics, other",77073,75-85-4
2-Methylanthracene,"Organics, other",49435,613-12-7
2-Methylnaphthalene,"Organics, other",,91-57-6
"2-Propanol, 1,3-dichloro-, phosphate (3:1)","Organics, other",61707,13674-87-8
"2-Pyrrolidinone, 1-methyl-5-(3-pyridinyl)-, (5S)-","Organics, other",61945,486-56-6
"3,3',4,4',5,5'-Hexachlorobiphenyl","Organics, PCBs",,32774-16-6
"3,3'-Dichlorobenzidine","Organics, other",,91-94-1
"3,4-Dichloroaniline","Organics, pesticide",61625,95-76-1
"3,4-Dichlorophenyl isocyanate","Organics, other",63145,102-36-3
"3,5-Dichloroaniline","Organics, pesticide",61627,626-43-7
"3,5-Dimethylphenol","Organics, other",49421,108-68-9
"3,5-Dinitroaniline","Organics, other",49231,618-87-1
38-strontium-90,Radiochemical,,
3-Hydroxycarbofuran,"Organics, pesticide",,16655-82-6
3-hydroxycarbofuran,"Organics, pesticide",,16655-82-6
3-Methylindole,"Organics, other",,83-34-1
"4(3H)-Quinazolinone, 2-methyl-3-(2-methylphenyl)-",,,
"4,4'-Isopropylidenediphenol","Organics, other",,80-05-7
"4,6-Dinitro-o-cresol","Organics, pesticide",,534-52-1
4-Chloro-2-methylphenol,"Organics, pesticide",61633,1570-64-5
4H-Cyclopenta[def]phenanthrene,"Organics, other",49411,203-64-5
"5-Amino-1-[2,6-dichloro-4-(trifluoromethyl)phenyl]-4-[(trifluoromethyl)thio]pyrazole-3-carbonitrile","Organics, pesticide",,120067-83-6
5-Nitrovanillin,,,
"6-Acetyl-1,1,2,4,4,7-hexamethyltetralin",,,
Acanthamoeba,Microbiological,,
Acebutolol,,,
Acenaphthene,"Organics, other",,83-32-9
Acenaphthene-d10,"Organics, other",,
Acenaphthylene,"Organics, other",,208-96-8
Acetaldehyde,"Organics, other",,75-07-0
Acetaminophen,"Organics, other",62000,103-90-2
Acetochlor,"Organics, pesticide",,34256-82-1
Acetochlor ESA,"Organics, pesticide",,
Acetochlor OA,"Organics, pesticide",,
Acetone,"Organics, other",,67-64-1
Acetonitrile,"Organics, other",,75-05-8
Acetophenone,"Organics, other",,98-86-2
Acidity,"Inorganics, Major, Non-metals",435,
"Acidity, hydrogen ion (H+)","Inorganics, Major, Non-metals",,
"Acidity, hydrogen ion (H+) as CaCO3","Inorganics, Major, Non-metals",,
Acifluorfen,"Organics, pesticide",49315,50594-66-6
Acridine,"Organics, other",49430,260-94-6
Acrolein,"Organics, other",,107-02-8
Acrylonitrile,"Organics, pesticide",,107-13-1
Actinium-228,Radiochemical,,14331-83-0
Age,,,
Alachlor,"Organics, pesticide",,15972-60-8
Alachlor ESA,"Organics, pesticide",,142363-53-9
Alachlor OA,"Organics, pesticide",,
Aldicarb,"Organics, pesticide",,116-06-3
aldicarb,"Organics, pesticide",,116-06-3
Aldicarb sulfone,"Organics, pesticide",,1646-88-4
aldicarb sulfone,"Organics, pesticide",,1646-88-4
Aldicarb sulfoxide,"Organics, pesticide",,1646-87-3
aldicarb sulfoxide,"Organics, pesticide",,1646-87-3
Aldrin,"Organics, pesticide",,309-00-2
"Algae, floating mats (severity)",Physical,1325,
Algal growth potential,Biological,85209,
Alkalinity,"Inorganics, Major, Non-metals",409,
"alkalinity, bicarbonate","Inorganics, Major, Non-metals",,
"Alkalinity, Bicarbonate as CaCO3","Inorganics, Major, Non-metals",,
"alkalinity, caco3 stability","Inorganics, Major, Non-metals",,
"alkalinity, carbonate","Inorganics, Major, Non-metals",,
"Alkalinity, Carbonate as CaCO3","Inorganics, Major, Non-metals",,
"Alkalinity, Hydroxide as CaCO3","Inorganics, Major, Non-metals",,
"Alkalinity, Phenolphthalein (total hydroxide+1/2 carbonate)","Inorganics, Major, Non-metals",,
"Alkalinity, Phenolphthalein (total hydroxide+1/2 carbonate) as CaCO3","Inorganics, Major, Non-metals",,
"Alkalinity, total","Inorganics, Major, Non-metals",,
"alkalinity, total","Inorganics, Major, Non-metals",,
"Alkalinity, total as CaCO3","Inorganics, Major, Non-metals",,
Allyl chloride,"Organics, pesticide",,107-05-1
Allyl-sec-butyl-barbituric acid,,,
Alpha emitting radium isotopes,Radiochemical,9510,
Alpha particle,Radiochemical,,12587-46-1
alpha-chlordane,"Organics, pesticide",,
Alprazolam,"Organics, other",,28981-97-7
Alprazolam-D5,"Organics, other",,
Altitude,Information,42,
Aluminum,"Inorganics, Minor, Metals",,7429-90-5
aluminum,"Inorganics, Minor, Metals",,7429-90-5
Ametryn,"Organics, pesticide",82184,834-12-8
Aminomethylphosphonic acid,"Organics, pesticide",62649,1066-51-9
Amitriptyline,"Organics, other",,50-48-6
Amitriptyline (+/-)-E-10-hydroxylated,"Organics, other",,50-48-6
Ammonia,Nutrient,,7664-41-7
Ammonia and ammonium,Nutrient,608,
Ammonia as NH3,Nutrient,,
Ammonia uptake,Nutrient,,
Ammonia-nitrogen,Nutrient,,
Ammonia-nitrogen as N,Nutrient,,
Ammonium,Nutrient,,
Ammonium as N,Nutrient,,
Ammonium as NH4,Nutrient,,
Ammonium perchlorate,,,
Aniline,"Organics, other",,62-53-3
Anion deficit,Physical,,
Anion/cation ratio,Physical,,
Anions Total,Physical,,
Anthracene,"Organics, other",,120-12-7
Anthraquinone,"Organics, other",49437,84-65-1
Antimony,"Inorganics, Minor, Non-metals",,7440-36-0
"antimony, total","Inorganics, Minor, Non-metals",,7440-36-0
Antimony-125,Radiochemical,,14234-35-6
Apparent color,Physical,,
argon,"Inorganics, Minor, Non-metals",82043,7440-37-1
Argon,"Inorganics, Minor, Non-metals",85563,7440-37-1
Aroclor 1016,"Organics, PCBs",,12674-11-2
aroclor 1016,"Organics, PCBs",,12674-11-2
Aroclor 1221,"Organics, PCBs",,11104-28-2
aroclor 1221,"Organics, PCBs",,11104-28-2
Aroclor 1232,"Organics, PCBs",,11141-16-5
aroclor 1232,"Organics, PCBs",,11141-16-5
Aroclor 1242,"Organics, PCBs",,53469-21-9
aroclor 1242,"Organics, PCBs",,53469-21-9
Aroclor 1248,"Organics, PCBs",,12672-29-6
aroclor 1248,"Organics, PCBs",,12672-29-6
Aroclor 1254,"Organics, PCBs",,11097-69-1
aroclor 1254,"Organics, PCBs",,11097-69-1
Aroclor 1260,"Organics, PCBs",,11096-82-5
aroclor 1260,"Organics, PCBs",,11096-82-5
Aroclor 1262,"Organics, PCBs",,37324-23-5
Arsenate (AsO43-),"Inorganics, Minor, Non-metals",62453,15584-04-0
Arsenic,"Inorganics, Minor, Non-metals",,7440-38-2
arsenic,"Inorganics, Minor, Non-metals",,7440-38-2
Arsenite,"Inorganics, Minor, Non-metals",62452,15502-74-6
"Arsonic acid, methyl-, ion(1-)","Organics, other",62454,51952-66-0
asbestos,"Inorganics, Minor, Non-metals",,1332-21-4
Atenolol,"Organics, other",,29122-68-7
Atenolol-D7,"Organics, other",,29122-68-8
Atraton,"Organics, pesticide",,1610-17-9
Atrazine,"Organics, pesticide",,1912-24-9
atrazine,"Organics, pesticide",,1912-24-9
Atrazine-d5 (ethyl-d5),"Organics, pesticide",,
Azinphos-methyl,"Organics, pesticide",,86-50-0
Azobenzene,"Organics, pesticide",,103-33-3
Azoxystrobin,"Organics, pesticide",,131860-33-8
"Bacteria mixture, unspecified",Microbiological,,
barium,"Inorganics, Minor, Metals",,7440-39-3
Barium,"Inorganics, Minor, Metals",1005,7440-39-3
Barometric pressure,Physical,,
Bendiocarb,"Organics, pesticide",,22781-23-3
Benfluralin,"Organics, pesticide",,1861-40-1
Benomyl,"Organics, pesticide",50300,17804-35-2
Bensulfuron-methyl,"Organics, pesticide",61693,83055-99-6
Bentazon,"Organics, pesticide",,25057-89-0
Benz[a]anthracene,"Organics, other",,56-55-3
Benzaldehyde,"Organics, other",,100-52-7
"Benzamide, 5-chloro-N-[2-[4-[[[(cyclohexylamino)carbonyl]amino]sulfonyl]phenyl]ethyl]-2-methoxy-",,,
Benzene,Toxicity,,71-43-2
benzene,Toxicity,,71-43-2
"Benzene, 1,1'-oxybis[2,4-dibromo-","Organics, other",63147,5436-43-1
"Benzene, 1,3(and 1,4)-dimethyl- Chemical m(and p)-xylene","Organics, other",85795,179601-23-1
"Benzene, 1-chloro-2-[2,2,2-trichloro-1-(4-chlorophenyl)ethyl]-, 1,1'-(2,2,2-trichloroethylidene)bis[4-chlorobenzene], 1-chloro-2-[2,2-dichloro-1-(4-chlorophenyl)ethyl]benzene], 1,1'-(2,2-dichloroethylidene)bis[4-chlorobenzene], 1-chloro-2-[2,2-dichloro-1-(4-chlorophenyl)ethenyl]benzene, and 1,1'-(dichloroethenylidene)bis[4-chlorobenzene] and metabolites",Toxicity,90852,71-43-2
"Benzene, 1-methoxy-2-[2,2,2-trichloro-1-(4-methoxyphenyl)ethyl]-","Organics, pesticide",49347,30667-99-3
"Benzene, pentachloromethoxy-","Organics, pesticide",49460,1825-21-4
"Benzeneacetic acid, .alpha.-methyl-4-(2-methylpropyl)-","Organics, other",,15687-27-1
"Benzeneethanamine, .alpha.-methyl-, (.alpha.S)-, sulfate (2:1)","Organics, other",,
"Benzenemethanol, .alpha.-[(1R)-1-aminoethyl]-, hydrochloride (1:1), (.alpha.S)-rel-","Organics, other",,
"Benzenemethanol, .alpha.-[(1S)-1-(methylamino)ethyl]-, (.alpha.S)-","Organics, other",,
Benzidine,"Organics, other",,92-87-5
benzo(a)pyrene,"Organics, other",,50-32-8
Benzo(b)fluoranthene,"Organics, other",,205-99-2
Benzo[a]pyrene,"Organics, other",,50-32-8
Benzo[c]cinnoline,"Organics, other",49468,230-17-1
Benzo[e]pyrene,"Organics, other",,192-97-2
Benzo[ghi]perylene,"Organics, other",,191-24-2
Benzo[k]fluoranthene,"Organics, other",,207-08-9
Benzoic acid,"Organics, other",,65-85-0
Benzophenone,"Organics, other",,119-61-9
Benzoylecgonine hydrate,"Organics, other",,
Benzoylecgonine-D3,"Organics, other",,
Benzphetamine hydrochloride,"Organics, other",,
Benzyl alcohol,"Organics, other",,100-51-6
Beryllium,"Inorganics, Minor, Metals",,7440-41-7
"beryllium, total","Inorganics, Minor, Metals",,7440-41-7
Beta Cypermethrin,"Organics, pesticide",61586,52315-07-8
Beta particle,Radiochemical,,12587-47-2
Bezafibrate,"Organics, other",,41859-67-0
bhc-gamma,"Organics, pesticide",,58-89-9
Bicarbonate,"Inorganics, Major, Non-metals",,71-52-3
bicarbonate as hco3,"Inorganics, Major, Non-metals",,71-52-3
"Biochemical oxygen demand, non-standard conditions",Physical,324,
"Biochemical oxygen demand, standard conditions",Physical,,
"Biomass, periphyton",Biological,,
Biphenyl,"Organics, other",,92-52-4
Bis(2-chloro-1-methylethyl) ether,"Organics, other",,108-60-1
Bis(2-chloroethoxy)methane,"Organics, other",,111-91-1
Bis(2-chloroethyl) ether,"Organics, other",,111-44-4
Bis(2-chloroisopropyl) ether,"Organics, other",,39638-32-9
bis(2-ethylhexyl) phthalate,"Organics, other",,
Bismuth,"Inorganics, Minor, Metals",,7440-69-9
Bismuth-212,Radiochemical,,14913-49-6
Bismuth-214,Radiochemical,,14733-03-0
boron,"Inorganics, Minor, Non-metals",,7440-42-8
Boron,"Inorganics, Minor, Non-metals",999,7440-42-8
"boron, total","Inorganics, Minor, Non-metals",,7440-42-8
Bromacil,"Organics, pesticide",,314-40-9
Brombuterol hydrochloride,,,
Bromide,"Inorganics, Major, Non-metals",,24959-67-9
bromide,"Inorganics, Major, Non-metals",91000,24959-67-9
Bromine,"Inorganics, Minor, Non-metals",,7726-95-6
bromine,"Inorganics, Minor, Non-metals",71871,7726-95-6
Bromoacetic acid,"Organics, other",,79-08-3
Bromobenzene,"Organics, other",,108-86-1
bromobenzene,"Organics, other",,108-86-1
Bromochloroacetic acid,"Organics, other",,5589-96-8
bromochloromethane,"Organics, other",,74-97-5
bromodichloromethane,"Organics, other",,75-27-4
bromoform,"Organics, other",,75-25-2
bromomethane,"Organics, other",,74-83-9
Bromoxynil,"Organics, pesticide",,1689-84-5
Bromoxynil-13C6,"Organics, pesticide",,
Bupropion,"Organics, pesticide",,
Butachlor,"Organics, pesticide",,23184-66-9
butachlor,"Organics, pesticide",,23184-66-9
Butachlor ESA,"Organics, pesticide",,23184-66-9
Butalbital,,,
Butyl benzyl phthalate,"Organics, other",,85-68-7
Butylate,"Organics, pesticide",,2008-41-5
Butylated hydroxyanisole,,,
Butylparaben,,,
C12 Hydrocarbons,,,
C1-C3 Fluorenes,,,
C1-C4 Chrysenes,,,
C1-C4 Fluoranthenes,,,
C1-C4 Phenanthrenes,,,
C28 Hydrocarbons,,,
Cacodylic acid,"Organics, pesticide",62455,75-60-5
Cadmium,"Inorganics, Minor, Metals",,7440-43-9
cadmium,"Inorganics, Minor, Metals",,7440-43-9
Caffeine,"Organics, other",,58-08-2
Caffeine-trimethyl-13C3,"Organics, other",,
Calcium,"Inorganics, Major, Metals",,7440-70-2
calcium,"Inorganics, Major, Metals",91051,7440-70-2
Calcium as CaCO3,"Inorganics, Major, Metals",,
Calcium carbonate as CaCO3,"Inorganics, Major, Non-metals",,
calcium hardness,Physical,,
Camphor,"Organics, pesticide",,76-22-2
Cannabidiol,,,
Cannabinol,,,
Caprolactam,"Organics, other",,105-60-2
Carbamazepine,"Organics, other",,298-46-4
Carbamazepine-d10,"Organics, other",,298-46-4
Carbaryl,"Organics, pesticide",,63-25-2
carbaryl,"Organics, pesticide",,63-25-2
Carbazole,"Organics, pesticide",,86-74-8
Carbofuran,"Organics, pesticide",,1563-66-2
carbofuran,"Organics, pesticide",,1563-66-2
Carbofuran-D3,"Organics, pesticide",,
Carbon,"Inorganics, Major, Non-metals",,
Carbon dioxide,"Inorganics, Major, Non-metals",,124-38-9
carbon dioxide,"Inorganics, Major, Non-metals",,124-38-9
Carbon disulfide,"Organics, pesticide",,75-15-0
Carbon tetrachloride,Toxicity,,56-23-5
carbon tetrachloride,Toxicity,,56-23-5
"carbon, total","Inorganics, Major, Non-metals",,
Carbon-13/Carbon-12 ratio,Stable Isotopes,82081,14762-74-4
"Carbon-13/carbon-12, ratio",Stable Isotopes,,
Carbon-14,Radiochemical,,14762-75-5
"Carbonaceous biochemical oxygen demand, non-standard conditions",Physical,320,
"Carbonaceous biochemical oxygen demand, standard conditions",Physical,,
Carbonate,"Inorganics, Major, Non-metals",,
Carbonate (CO3),"Inorganics, Major, Non-metals",430,3812-32-6
Carbonate as CaCO3,"Inorganics, Major, Non-metals",,
Carbophenothion,"Organics, pesticide",,786-19-6
Carbophenothion-methyl,"Organics, pesticide",39790,953-17-3
Carboxin,"Organics, pesticide",30245,5234-68-4
Carisoprodol,"Organics, other",,78-44-4
Cation Total,Physical,,
Cations-Anions,Physical,,
Cerium,"Inorganics, Minor, Metals",,7440-45-1
Cesium,"Inorganics, Minor, Metals",,7440-46-2
Cesium-134,Radiochemical,,13967-70-9
Cesium-137,Radiochemical,,10045-97-3
CFC-11,"Organics, other",,75-69-4
CFC-113,"Organics, other",,76-13-1
CFC-12,"Organics, other",,75-71-8
Charge Balance,Physical,,
Chemical oxygen demand,Physical,,
"Chemical oxygen demand, (high level)",Physical,340,
"Chemical oxygen demand, (low level)",Physical,335,
Chloramben-methyl,"Organics, pesticide",61188,7286-84-2
Chloramphenicol,"Organics, other",,56-75-7
Chlordane,"Organics, pesticide",,
chlordane,"Organics, pesticide",,
"Chlordane, technical","Organics, pesticide",39350,12789-03-6
"Chlordane, technical, and/or chlordane metabolites","Organics, pesticide",39353,
Chlordecone,"Organics, pesticide",,143-50-0
Chlordiazepoxide hydrochloride,,,
Chloride,"Inorganics, Major, Non-metals",,16887-00-6
chloride,"Inorganics, Major, Non-metals",91001,16887-00-6
Chlorimuron-ethyl,"Organics, pesticide",,90982-32-4
Chlorinated naphthalenes,"Organics, other",39250,70776-03-3
Chlorine,"Inorganics, Major, Non-metals",,7782-50-5
Chloroacetic acid,"Organics, other",,79-11-8
Chlorobenzene,Toxicity,,108-90-7
chlorobenzene,Toxicity,,108-90-7
Chlorodibromomethane,"Organics, other",,124-48-1
Chloroethane,"Organics, other",,75-00-3
chloroethane,"Organics, other",,75-00-3
Chloroform,Toxicity,,67-66-3
chloroform,Toxicity,,67-66-3
Chloromethane,"Organics, other",,74-87-3
chloromethane,"Organics, other",,74-87-3
Chloroneb,"Organics, pesticide",49322,2675-77-6
Chlorophyll a,Biological,,479-61-8
"Chlorophyll a, free of pheophytin",Biological,,479-61-8
"Chlorophyll a, uncorrected for pheophytin",Biological,,479-61-8
Chlorophyll b,Biological,,519-62-0
Chlorophyll c,Biological,,11003-45-5
Chloroprene,"Organics, other",,126-99-8
Chlorothalonil,"Organics, pesticide",,1897-45-6
Chlorotoluene,,,
Chlorpheniramine,"Organics, other",,132-22-9
Chlorpyrifos,"Organics, pesticide",,2921-88-2
Chlorthal-dimethyl,"Organics, pesticide",,1861-32-1
Chlorthal-Monomethyl,"Organics, pesticide",,
"Cholestan-3-ol, (3.beta.,5.beta.)-","Organics, other",62057,360-68-9
Cholesterol,"Organics, other",,57-88-5
Chromium,"Inorganics, Minor, Metals",,7440-47-3
chromium,"Inorganics, Minor, Metals",,7440-47-3
Chromium(III),"Inorganics, Minor, Metals",,16065-83-1
Chromium(VI),"Inorganics, Minor, Metals",,18540-29-9
"chromium, hex","Inorganics, Minor, Metals",,7440-47-3
Chrysene,"Organics, other",,218-01-9
Chrysene-d12,"Organics, other",,
Cimetidine,,,
cis-(-)-2-[(Dimethylamino)methyl]-1[3-methoxyphenyl]-cyclohexanol,"Organics, other",,
"cis-1,2-Dichloroethylene","Organics, other",,156-59-2
"cis-1,2-dichloroethylene","Organics, other",,156-59-2
"cis-1,3-Dichloropropene","Organics, pesticide",,10061-01-5
"cis-1,3-dichloropropene","Organics, pesticide",,10061-01-5
cis-Chlordane,"Organics, pesticide",,5103-71-9
cis-Nonachlor,"Organics, pesticide",,5103-73-1
Clenbuterol,,,
Clobazam,,,
Clonazepam,,,
Clonidine hydrochloride,,,
Clopyralid,"Organics, pesticide",4091,1702-17-6
Cloud cover,Physical,,
Cloud cover (percent),Physical,32,
Coal,"Organics, other",82031,125612-26-2
Cobalt,"Inorganics, Minor, Metals",,7440-48-4
Cobalt-60,Radiochemical,,10198-40-0
Cocaethylene,,,529-38-4
Cocaethylene-D3,,,529-38-4
Cocaine hydrochloride,"Organics, other",,
Cocaine-D3,"Organics, other",,
Codeine,,,
coliform (tcr),Microbiological,,
"Coliform/Streptococcus ratio, fecal",Microbiological,,
Color,Physical,80,
color,Physical,,
combined radium (-226 & -228),Radiochemical,,
combined uranium,Radiochemical,,
Conductivity,Physical,,
conductivity @ 25 c umhos/cm,Physical,,
Copper,"Inorganics, Minor, Metals",,7440-50-8
"copper, free","Inorganics, Minor, Metals",,7440-50-8
"Corrosion & scaling control, Ryznar Stability Index",,,
Cresol,,,
Cumene,"Organics, other",,98-82-8
Cyanazine,"Organics, pesticide",,21725-46-2
Cyanide,"Inorganics, Minor, Non-metals",,57-12-5
cyanide,"Inorganics, Minor, Non-metals",,57-12-5
cyanides amenable to chlorination (hcn & cn),"Inorganics, Minor, Non-metals",,
Cycloate,"Organics, pesticide",4031,1134-23-2
Cyclohexane,"Organics, other",,110-82-7
"Cyclohexene, 1-methyl-4-(1-methylethenyl)-, (4R)-","Organics, other",62073,5989-27-5
"Cyclopenta[g]-2-benzopyran, 1,3,4,6,7,8-hexahydro-4,6,6,7,8,8-hexamethyl-","Organics, other",62075,1222-05-5
Cyfluthrin,"Organics, pesticide",61585,68359-37-5
Cymene,"Organics, other",,25155-15-1
Cyprazine,"Organics, pesticide",82187,22936-86-3
D9 (+/-)11-nor-9-carboxy-delta-THC,"Organics, other",,
Dalapon,"Organics, pesticide",,75-99-0
dalapon,"Organics, pesticide",,75-99-0
"Dead fish, severity",Biological,1340,
Demeton,"Organics, pesticide",39560,8065-48-3
Density of water at 20 deg C,Physical,71820,
Depth,Information,,
Depth of pond or reservoir in feet,Physical,72025,
Depth to water level below land surface,Physical,72019,
"Depth, bottom",Information,,
"Depth, data-logger (non-ported)",Information,,
"Depth, data-logger (ported)",Information,,
"Depth, from ground surface to well water level",Physical,,
"Depth, Secchi disk depth",Information,,
"Depth, snow cover",Physical,82300,
Desipramine,"Organics, other",,50-47-5
"Detergent, severity",Physical,1305,
Deuterium/Hydrogen ratio,Stable Isotopes,,7782-39-0
Dextromethorphan hydrobromide,"Organics, other",,
Dextronorgestrel,"Organics, other",,
Di(2-ethylhexyl) adipate,"Organics, other",,103-23-1
di(2-ethylhexyl) adipate,"Organics, other",,103-23-1
Di(2-ethylhexyl) phthalate,"Organics, other",,117-81-7
di(2-ethylhexyl) phthalate,"Organics, other",,117-81-7
Diazepam,"Organics, other",,439-14-5
Diazepam-D5,"Organics, other",,
Diazinon,"Organics, pesticide",,333-41-5
Diazinon-D10,"Organics, pesticide",,
"Dibenz[a,h]anthracene","Organics, other",,53-70-3
Dibenzofuran,"Organics, other",,132-64-9
Dibenzothiophene,"Organics, other",49452,132-65-0
Dibromoacetic acid,"Organics, other",,631-64-1
dibromoacetic acid,"Organics, other",,631-64-1
dibromochloromethane,"Organics, other",,124-48-1
Dibromomethane,"Organics, other",,74-95-3
dibromomethane,"Organics, other",,74-95-3
Dibutyl phthalate,"Organics, other",,84-74-2
Dicamba,"Organics, pesticide",,1918-00-9
dicamba,"Organics, pesticide",,1918-00-9
Dichlobenil,"Organics, pesticide",49303,1194-65-6
Dichloroacetic acid,"Organics, other",,79-43-6
dichloroacetic acid,"Organics, other",,79-43-6
"dichlorobenzenes, total","Organics, other",,
Dichlorobiphenyl,"Organics, other",,
Dichlorobromomethane,"Organics, other",,75-27-4
dichlorodifluoromethane,"Organics, other",,75-71-8
Dichloroethylene,"Organics, other",,
dichloromethane,"Organics, other",,75-09-2
Dichlorprop,"Organics, pesticide",,120-36-5
Dichlorvos,"Organics, pesticide",,62-73-7
Diclofenac,,,
Dicrotophos,"Organics, pesticide",38454,141-66-2
Dieldrin,"Organics, pesticide",,60-57-1
dieldrin,"Organics, pesticide",,60-57-1
Diesel fuel,"Organics, other",,
Diesel range organics,"Organics, other",,
Diethyl phthalate,"Organics, other",,84-66-2
Diltiazem hydrochloride,,,
Dimerin,,,
Dimethachlor,"Organics, pesticide",,
Dimethachlor ESA,"Organics, pesticide",,
Dimethenamid,"Organics, pesticide",,87674-68-8
Dimethenamid ESA,"Organics, pesticide",,
Dimethenamid OA,"Organics, pesticide",,
Dimethoate,"Organics, pesticide",82662,60-51-5
Dimethyl phthalate,"Organics, other",,131-11-3
Dinitro-o-cresol,,,
Di-n-octyl phthalate,"Organics, other",,117-84-0
Dinoseb,"Organics, pesticide",,88-85-7
dinoseb,"Organics, pesticide",,88-85-7
Diphenamid,"Organics, pesticide",4033,957-51-7
Diphenhydramine-D3,,,
diquat,"Organics, pesticide",,2764-72-9
Diquat dibromide,,,
Dissolved oxygen (DO),"Inorganics, Major, Non-metals",,7782-44-7
Dissolved oxygen saturation,"Inorganics, Major, Non-metals",,7782-44-7
Disulfoton,"Organics, pesticide",,298-04-4
Disulfoton sulfone,"Organics, pesticide",,6/5/2497
Diuron,"Organics, pesticide",,330-54-1
Diuron Metabolite,"Organics, pesticide",,
DL-Amphetamine-D5,,,
Dotriacontane,,,
Doxepin,,,
Dysprosium,"Inorganics, Minor, Metals",,7429-91-6
e. coli,Microbiological,,
Ecgonine methyl ester hydrochloride,,,
Ecgonine Methyl Ester-D3,,,
"Elevation, water surface, MSL",Physical,,
Endosulfan,"Organics, pesticide",,
Endosulfan sulfate,"Organics, pesticide",,1031-07-8
endothall,"Organics, pesticide",,145-73-3
Endrin,"Organics, pesticide",,72-20-8
endrin,"Organics, pesticide",,72-20-8
Endrin aldehyde,"Organics, pesticide",,7421-93-4
Endrin ketone,"Organics, pesticide",,53494-70-5
Enterococcus,Microbiological,,
Equilenin,,,
Equilin,,,
Erbium,"Inorganics, Minor, Metals",,7440-52-0
Erythromycin,"Organics, other",,114-07-8
Escherichia,Microbiological,,
Escherichia coli,Microbiological,,68583-22-2
Esfenvalerate,"Organics, pesticide",49298,66230-04-4
"Estra-1,3,5,7,9-pentaen-17-one, 3-hydroxy-","Organics, other",62074,517-09-9
Estradiol,"Organics, other",,50-28-2
Estrone,"Organics, other",,53-16-7
Ethalfluralin,"Organics, pesticide",,55283-68-6
"Ethanamine, 2-(diphenylmethoxy)-N,N-dimethyl-","Organics, other",,58-73-1
Ethane,"Organics, other",,74-84-0
"Ethanimidothioic acid, N-hydroxy-, methyl ester","Organics, pesticide",61696,13749-94-5
"Ethanol, 2-(4-nonylphenoxy)-","Organics, other",61704,104-35-8
"Ethanone, 1-(2,3-dihydro-1,1,2,3,3,6-hexamethyl-1H-inden-5-yl)-","Organics, other",,
"Ethanone, 1-[6-(1,1-dimethylethyl)-2,3-dihydro-1,1-dimethyl-1H-inden-4-yl]-","Organics, other",,
"Ethene, 1,2-dibromo-","Organics, pesticide",39082,540-49-8
Ethinyl estradiol,"Organics, other",,57-63-6
Ethion,"Organics, pesticide",,563-12-2
Ethion monooxon,"Organics, pesticide",61644,17356-42-2
Ethoprop,"Organics, pesticide",,13194-48-4
Ethyl ether,"Organics, other",,60-29-7
Ethyl methacrylate,"Organics, other",,97-63-2
Ethyl tert-butyl ether,"Organics, other",50004,637-92-3
Ethylan,"Organics, pesticide",39034,72-56-0
Ethylbenzene,"Organics, other",,100-41-4
ethylbenzene,"Organics, other",,100-41-4
Ethylene,"Organics, other",,74-85-1
Ethylene dibromide,"Organics, pesticide",,106-93-4
Ethylene glycol,"Organics, other",,107-21-1
Europium,"Inorganics, Minor, Metals",,7440-53-1
Europium-152,Radiochemical,,14683-23-9
Europium-154,Radiochemical,,
Evaporation,Physical,50,
Extended diesel range organics C10-C36,"Organics, other",63746,
Famotidine,,,
Fecal Coliform,Microbiological,,
Fecal coliforms,Microbiological,31616,
Fecal Streptococcus,Microbiological,31673,
Fecal Streptococcus Group Bacteria,Microbiological,,
Fenamiphos,"Organics, pesticide",61591,22224-92-6
Fenbendazole,,,
Fenuron,"Organics, pesticide",49297,101-42-8
Fipronil,"Organics, pesticide",,120068-37-3
"Floating debris, severity",Physical,1345,
Flow,Physical,,
"Flow rate, instantaneous",Physical,59,
Flufenacet,"Organics, pesticide",62481,142459-58-3
Flumetsulam,"Organics, pesticide",61694,98967-40-9
Flunitrazepam,,,
Fluometuron,"Organics, pesticide",38811,2164-17-2
Fluoranthene,"Organics, other",,206-44-0
"Fluoranthene-1,2,3,4,5,6,7,8,9,10-d10","Organics, other",,
Fluorene,"Organics, other",,86-73-7
Fluoride,"Inorganics, Major, Non-metals",,16984-48-8
fluoride,"Inorganics, Major, Non-metals",91002,16984-48-8
fluorine,"Inorganics, Major, Non-metals",,7782-41-4
Fluoxetine hydrochloride,,,
Fluoxetine-D6,,,
Flurazepam,,,
foaming agents (surfactants),,,
Fonofos,"Organics, pesticide",,944-22-9
Furosemide,,,
Gadolinium,"Inorganics, Minor, Metals",,7440-54-2
Gage height,Physical,30207,
Gallium,"Inorganics, Minor, Metals",,7440-55-3
gamma-chlordane,"Organics, pesticide",,5566-34-7
Gas bubble severity,Physical,1310,
Gasoline,"Organics, other",,
Gasoline range organics,"Organics, other",,
Gemfibrozil,"Organics, other",,25812-30-0
Gemfibrozil-D6,"Organics, other",,25812-30-0
General observation (text),,,
Germanium,"Inorganics, Minor, Non-metals",,7440-56-4
Glipizide,,,
Glyphosate,"Organics, pesticide",,1071-83-6
Gold,"Inorganics, Minor, Metals",,7440-57-5
Grab sample,,,
Grab sample  (dip),,,
Gran acid neutralizing capacity,"Inorganics, Major, Non-metals",,
gross alpha particle activity,Radiochemical,,
"Gross alpha radioactivity, (Americium-241 ref std)",Radiochemical,,
"Gross alpha radioactivity, (nat-Uranium ref std)",Radiochemical,,
"Gross alpha radioactivity, (Thorium-230 ref std)",Radiochemical,,
"gross alpha, excl. radon & u",Radiochemical,,
gross beta particle activity,Radiochemical,,
"Gross beta radioactivity, (Cesium-137 ref std)",Radiochemical,,
"Gross beta radioactivity, (Strontium-Yttrium-90 ref std)",Radiochemical,,
Hafnium,"Inorganics, Minor, Metals",,7440-58-6
Halogenated organics,"Organics, other",,
Halon 1011,"Organics, other",,74-97-5
"Hardness, Ca, Mg",Physical,,
"Hardness, Ca, Mg as CaCO3",Physical,,
"Hardness, carbonate",Physical,,
"hardness, carbonate",Physical,,
"Hardness, carbonate as CaCO3",Physical,,
"Hardness, magnesium",Physical,,
"Hardness, non-carbonate",Physical,,
"hardness, total (as caco3)",Physical,,
HCFC-21,"Organics, other",,75-43-4
"Height, gage",Physical,65,
Helium,"Inorganics, Minor, Non-metals",,7440-59-7
Heptachlor,"Organics, pesticide",,76-44-8
heptachlor,"Organics, pesticide",,76-44-8
Heptachlor epoxide,"Organics, pesticide",,1024-57-3
heptachlor epoxide,"Organics, pesticide",,1024-57-3
Heptachlorobiphenyl,,,
Heterotrophic bacteria,Microbiological,,
Hexachlorobenzene,"Organics, pesticide",,118-74-1
hexachlorobenzene,"Organics, pesticide",,118-74-1
Hexachlorobiphenyl,,,
Hexachlorobutadiene,"Organics, other",,87-68-3
hexachlorobutadiene,"Organics, other",,87-68-3
Hexachlorocyclohexane,,,
Hexachlorocyclopentadiene,"Organics, other",,77-47-4
hexachlorocyclopentadiene,"Organics, other",,77-47-4
Hexachloroethane,"Organics, other",,67-72-1
Hexane,"Organics, other",,110-54-3
Hexazinone,"Organics, pesticide",,51235-04-2
Holmium,"Inorganics, Minor, Metals",,7440-60-0
Hydrocarbons,"Organics, other",,
"Hydrocarbons, petroleum","Organics, other",,
"Hydrocarbons, volatile","Organics, other",,
Hydrocodone bitartrate,"Organics, other",,
Hydrocodone-D6,"Organics, other",,
Hydrogen,"Inorganics, Major, Non-metals",,1333-74-0
Hydrogen ion,"Inorganics, Major, Non-metals",191,12408-02-5
Hydrogen sulfide,"Inorganics, Major, Non-metals",,6/4/7783
Hydromorphone hydrochloride,,,
Hydroxide,"Inorganics, Major, Non-metals",,14280-30-9
hydroxide as calcium carbonate,"Inorganics, Major, Non-metals",,
Ibuprofen-13C3,,,
"Ice cover, floating or solid",Physical,1355,
Imazaquin,"Organics, pesticide",,81335-37-7
Imazethapyr,"Organics, pesticide",,81335-77-5
Imidacloprid,"Organics, pesticide",,138261-41-3
Imipramine,,,
"Indeno[1,2,3-cd]pyrene","Organics, other",,193-39-5
Indium,"Inorganics, Minor, Metals",,7440-74-6
Indole,"Organics, other",,120-72-9
Inorganic carbon,"Inorganics, Major, Non-metals",,
Inorganic nitrogen (nitrate and nitrite),Nutrient,,
Inorganic nitrogen (nitrate and nitrite) as N,Nutrient,,
"Instream features, est. stream width",Physical,4,
iodide,"Inorganics, Minor, Non-metals",,20461-54-5
Iodine,"Inorganics, Minor, Non-metals",,7553-56-2
Iodine-131,Radiochemical,,10043-66-0
Ionic strength,Physical,,
Iprodione,"Organics, pesticide",61593,36734-19-7
Iridium,"Inorganics, Minor, Metals",,7439-88-5
Iron,"Inorganics, Minor, Metals",,7439-89-6
iron,"Inorganics, Minor, Metals",99115,7439-89-6
"iron, dissolved","Inorganics, Minor, Metals",,7439-89-6
"Iron, ion (Fe2+)","Inorganics, Minor, Metals",1047,15438-31-0
"iron, ion (fe2+)","Inorganics, Minor, Metals",99114,15438-31-0
Iron-59,Radiochemical,7060,14596-12-4
Isoborneol,"Organics, other",,124-76-5
Isobutanol,"Organics, other",,78-83-1
Isodrin,"Organics, pesticide",,465-73-6
Isofenphos,"Organics, pesticide",61594,25311-71-1
Isophorone,"Organics, other",,78-59-1
Isopropanol,"Organics, other",,
Isopropyl ether,"Organics, other",81577,108-20-3
isopropylbenzene,,,
Isoquinoline,"Organics, other",,119-65-3
Kjeldahl nitrogen,Nutrient,,
Kjeldahl nitrogen as N,Nutrient,,
Krypton,"Inorganics, Minor, Non-metals",85565,7439-90-9
langelier index (ph(s)),,,
Langelier index (pH's),,,
Lanthanum,"Inorganics, Minor, Metals",,7439-91-0
lasso,"Organics, pesticide",,
Lead,"Inorganics, Minor, Metals",,7439-92-1
lead,"Inorganics, Minor, Metals",,7439-92-1
Lead-210,Radiochemical,,14255-04-0
Lead-212,Radiochemical,,15092-94-1
Lead-214,Radiochemical,,15067-28-4
Lederfen,,,
Levorphanol,,,
"Light attenuation, depth at 99%",Physical,,
"Light, transmissivity",,,
Lindane,"Organics, pesticide",,58-89-9
Linuron,"Organics, pesticide",,330-55-2
Lithium,"Inorganics, Minor, Metals",,7439-93-2
Lloyd - Zar - Karr Species Diversity Index,,,
Loratadine,,,
Lorazepam,,,
Lutetium,"Inorganics, Minor, Metals",,7439-94-3
Magnesium,"Inorganics, Major, Metals",,7439-95-4
magnesium,"Inorganics, Major, Metals",91052,7439-95-4
Malaoxon,"Organics, pesticide",61652,1634-78-2
Malathion,"Organics, pesticide",,121-75-5
Malathion-D10,"Organics, pesticide",,
Manganese,"Inorganics, Minor, Metals",,7439-96-5
manganese,"Inorganics, Minor, Metals",,7439-96-5
"manganese, dissolved","Inorganics, Minor, Metals",,7439-96-5
Manganese-54,Radiochemical,,13966-31-9
MBAS,,,
mbas - foaming agents (surfactants),,,
m-Chlorotoluene,"Organics, other",,108-41-8
MCPA,"Organics, pesticide",,94-74-6
MCPB,"Organics, pesticide",38487,94-81-5
m-Cresol,"Organics, other",,108-39-4
m-Cymene,,,
MDA,,,
MDEA,,,
m-Dichlorobenzene,"Organics, other",,541-73-1
m-dichlorobenzene,"Organics, other",,541-73-1
m-Dinitrobenzene,"Organics, other",,99-65-0
MDMA,,,
Mecoprop,"Organics, pesticide",,93-65-2
Medroxyprogesterone,,,
Megestrol acetate,,,
Meperidine,,,
Mephobarbital,,,
Meprobamate,,,
Mercury,"Inorganics, Minor, Metals",,7439-97-6
mercury,"Inorganics, Minor, Metals",,7439-97-6
Mestranol,"Organics, other",,72-33-3
meta & para Xylene mix,,,
Metalaxyl,"Organics, pesticide",,57837-19-1
Methacrylonitrile,"Organics, other",,126-98-7
Methamphetamine hydrochloride,,,
Methane,"Organics, other",,74-82-8
Methidathion,"Organics, pesticide",61598,950-37-8
Methiocarb,"Organics, pesticide",,2032-65-7
Methomyl,"Organics, pesticide",,16752-77-5
methomyl,"Organics, pesticide",,16752-77-5
Methoxychlor,"Organics, pesticide",,72-43-5
methoxychlor,"Organics, pesticide",,72-43-5
Methyl acetate,"Organics, other",,79-20-9
Methyl acrylate,"Organics, other",49991,96-33-3
Methyl bromide,"Organics, pesticide",,74-83-9
Methyl ethyl ketone,Toxicity,,78-93-3
Methyl iodide,"Organics, pesticide",,74-88-4
Methyl isobutyl ketone,"Organics, other",,108-10-1
Methyl methacrylate,"Organics, other",,80-62-6
Methyl paraoxon,"Organics, pesticide",61664,950-35-6
Methyl parathion,"Organics, pesticide",,298-00-0
Methyl salicylate,"Organics, other",,119-36-8
Methyl tert-butyl ether,"Organics, other",,1634-04-4
methyl tert-butyl ether,"Organics, other",,1634-04-4
Methylcyclohexane,"Organics, other",,108-87-2
Methylene chloride,"Organics, other",,75-09-2
Methylmercury(1+),"Organics, other",50284,22967-92-6
Methylparaben,,,
Metolachlor,"Organics, pesticide",,51218-45-2
metolachlor,"Organics, pesticide",,51218-45-2
Metolachlor ESA,"Organics, pesticide",,
Metolachlor OA,"Organics, pesticide",,
Metoprolol,,,
Metribuzin,"Organics, pesticide",,21087-64-9
metribuzin,"Organics, pesticide",,21087-64-9
Metsulfuron-methyl,"Organics, pesticide",61697,74223-64-6
m-Hydroxybenzoylecgonine,,,
Mirex,"Organics, pesticide",,2385-85-5
m-Nitroaniline,"Organics, other",,99-09-2
Moisture content,Physical,495,
Molinate,"Organics, pesticide",,2212-67-1
Molybdenum,"Inorganics, Minor, Metals",,7439-98-7
"molybdenum, total","Inorganics, Minor, Metals",,7439-98-7
Monensin,,,
monobromoacetic acid,"Organics, other",,79-08-3
monochloroacetic acid,"Organics, other",,79-11-8
Monocrotophos,"Organics, pesticide",82186,6923-22-4
Monuron,"Organics, pesticide",,150-68-5
"Morphinan-6-ol, 7,8-didehydro-4,5-epoxy-3-methoxy-17-methyl-, (5.alpha.,6.alpha.)-","Organics, other",62003,76-57-3
"Morphinan-6-one, 4,5-epoxy-14-hydroxy-3-methoxy-17-methyl-, (5.alpha.)-","Organics, other",,
Morphine,"Organics, other",,
"Morpholine, 3-methyl-2-phenyl-","Organics, other",,
Musk ketone,"Organics, other",,
m-Xylene,"Organics, other",,108-38-3
m-xylene,"Organics, other",,108-38-3
Myclobutanil,"Organics, pesticide",61599,88671-89-0
"N,N-Diethyl-m-toluamide","Organics, pesticide",,134-62-3
Naphthalene,"Organics, other",,91-20-3
naphthalene,"Organics, other",,91-20-3
Napropamide,"Organics, pesticide",,15299-99-7
Naproxen,,,
NARSTEST~Enterococci Samp,Microbiological,,
n-Butylbenzene,"Organics, other",,104-51-8
n-butylbenzene,"Organics, other",,104-51-8
Neburon,"Organics, pesticide",,555-37-3
Neodymium,"Inorganics, Minor, Metals",,7440-00-8
Neon,"Inorganics, Minor, Non-metals",61046,1/9/7440
Nickel,"Inorganics, Minor, Metals",,7440-02-0
nickel,"Inorganics, Minor, Metals",,7440-02-0
Nicosulfuron,"Organics, pesticide",50364,111991-09-4
Nifedipine,,,
Niobium,"Inorganics, Minor, Metals",,3/1/7440
Nitrate,Nutrient,,14797-55-8
nitrate,Nutrient,,14797-55-8
Nitrate and nitrite as NO3,Nutrient,,
Nitrate as N,Nutrient,,
Nitrate as NO3,Nutrient,,
nitrate-nitrite,Nutrient,,
Nitrate-Nitrogen,Nutrient,,
Nitrazepam,,,
Nitrite,Nutrient,,14797-65-0
nitrite,Nutrient,,14797-65-0
Nitrite as N,Nutrient,,
Nitrite as NO2,Nutrient,,
Nitrobenzene,"Organics, other",,98-95-3
nitrogen,Nutrient,,7727-37-9
Nitrogen,Nutrient,597,7727-37-9
Nitrogen as N,Nutrient,,
Nitrogen ion,Nutrient,,
"Nitrogen, ammonium/ammonia ratio",Nutrient,,7727-37-9
"Nitrogen, mixed forms (NH3), (NH4), organic, (NO2) and (NO3)",Nutrient,,
Nitrogen-15/14 ratio,Stable Isotopes,82084,
nitrogen-ammonia as (n),Nutrient,,
N-Nitrosodimethylamine,"Organics, other",,62-75-9
N-Nitrosodi-n-propylamine,"Organics, other",,621-64-7
n-nitrosodi-n-propylamine,"Organics, other",,621-64-7
N-Nitrosodiphenylamine,"Organics, other",,86-30-6
Nonylphenol,,,
Nordoxepin,,,
Norethisterone,"Organics, other",,68-22-4
Norethynodrel,,,
Norfluoxetine oxalate,"Organics, other",,
Norfluoxetine-D6,"Organics, other",,83891-03-6
Norflurazon,"Organics, pesticide",49293,27314-13-2
Nortriptyline,,,
Norverapamil hydrochloride,,,
Not Detected,,,
Not Reported,,,
N-Phenyl-N-(4-piperidinyl)propanamide,,,
n-Propylbenzene,"Organics, other",,103-65-1
n-propylbenzene,"Organics, other",,103-65-1
Nutrient-nitrogen,Nutrient,,
"o,p'-DDD","Organics, pesticide",49325,53-19-0
"o,p'-DDE","Organics, pesticide",49327,3424-82-6
"o,p'-DDT","Organics, pesticide",49329,789-02-6
o-Chlorophenol,"Organics, other",,95-57-8
o-Chlorotoluene,"Organics, other",,95-49-8
o-chlorotoluene,"Organics, other",,95-49-8
o-Cresol,"Organics, pesticide",,95-48-7
Octachlorobiphenyl,,,
o-Dichlorobenzene,"Organics, other",,95-50-1
o-dichlorobenzene,"Organics, other",,95-50-1
O-Dinitrobenzene,,,
odor,,,
Odor threshold number,Physical,,
"Odor, atmospheric",Physical,1330,
o-Ethyltoluene,"Organics, other",77220,611-14-3
Oil and grease,"Organics, other",,
Oil and grease -- CWA 304B,"Organics, other",550,
Oil Range Organics,"Organics, other",,
Omeprazole,,,
o-Nitroaniline,"Organics, other",,88-74-4
o-Nitrophenol,"Organics, other",,88-75-5
Organic anions,,,
Organic carbon,"Organics, other",,
Organic Nitrogen,Nutrient,,
Organic nitrogen,Nutrient,605,
Organic phosphorus,Nutrient,670,
"Organics mix, unspecified",,,
ortho & para Xylene mix,,,
Orthophosphate,Nutrient,,
orthophosphate,Nutrient,,
Orthophosphate as P,Nutrient,,
Orthophosphate as PO4,Nutrient,,
Oryzalin,"Organics, pesticide",,19044-88-3
Osmium,"Inorganics, Minor, Metals",,4/2/7440
Oxamyl,"Organics, pesticide",,23135-22-0
oxamyl,"Organics, pesticide",,23135-22-0
Oxidation reduction potential (ORP),Physical,,
Oxidized Nifedipine,,,
Oxychlordane,"Organics, pesticide",49318,27304-13-8
Oxyfluorfen,"Organics, pesticide",61600,42874-03-3
Oxygen,"Inorganics, Major, Non-metals",300,7782-44-7
Oxygen-18/Oxygen-16 ratio,Stable Isotopes,,14797-71-8
o-Xylene,"Organics, other",,95-47-6
Oxymorphone,,,
"p-(1,1,3,3-Tetramethylbutyl)phenol","Organics, other",,140-66-9
"p,p'-DDD","Organics, pesticide",,72-54-8
"p,p'-DDE","Organics, pesticide",,72-55-9
"p,p'-DDT","Organics, pesticide",,50-29-3
Palladium,"Inorganics, Minor, Metals",,5/3/7440
Paraoxon,"Organics, pesticide",,311-45-5
Paraquat,"Organics, pesticide",,4685-14-7
Parathion,"Organics, pesticide",,56-38-2
Paroxetine,,,
Partial pressure of dissolved gases,Physical,,
Particle size,Sediment,70331,
"Particle size, Sieve No. 230, 250 mesh, (0.063mm)",Sediment,,
p-Bromophenyl phenyl ether,"Organics, other",,101-55-3
p-Chloroaniline,"Organics, pesticide",,106-47-8
p-Chloro-m-cresol,"Organics, pesticide",,59-50-7
p-Chlorophenyl phenyl ether,"Organics, other",,7005-72-3
p-Chlorotoluene,"Organics, other",,106-43-4
p-chlorotoluene,"Organics, other",,106-43-4
p-Cresol,"Organics, pesticide",,106-44-5
p-Cumylphenol,,,
p-Cymene,"Organics, other",,99-87-6
p-Dichlorobenzene,Toxicity,,106-46-7
p-dichlorobenzene,Toxicity,,106-46-7
p-Dinitrobenzene,,,
Pebulate,"Organics, pesticide",,1114-71-2
Pendimethalin,"Organics, pesticide",,40487-42-1
Pentachlorobiphenyl,,,
Pentachloroethane,"Organics, other",,76-01-7
Pentachloronitrobenzene,"Organics, pesticide",49446,82-68-8
Pentachlorophenol,"Organics, pesticide",,87-86-5
pentachlorophenol,"Organics, pesticide",,87-86-5
Pentachlorophenol-13C6,,,
Pentazocine,,,
Perchlorate,"Inorganics, Minor, Non-metals",,14797-73-0
Permethrin,"Organics, pesticide",,52645-53-1
Petroleum phenols,,,
pH,Physical,,
ph,Physical,,
"pH, lab",Physical,403,
Phenanthrene,"Organics, other",,85-01-8
Phenanthrene-d10,"Organics, other",,
Phenanthridine,"Organics, other",49393,229-87-8
Phendimetrazine,"Organics, other",,
Phenobarbital,"Organics, other",,
Phenobarbital-D5,"Organics, other",,
Phenol,"Organics, other",,108-95-2
"Phenol, 2-(1,1-dimethylethyl)-4-methoxy-","Organics, other",61702,121-00-6
"Phenol, 4-(1-methyl-1-phenylethyl)-","Organics, other",62060,599-64-4
Phenol-D6,,,
Phenols and phenolic compounds,"Organics, other",32730,
Phenytoin,,,
Pheophytin a,Biological,,603-17-8
Phorate,"Organics, pesticide",,298-02-2
Phosmet,"Organics, pesticide",61601,732-11-6
Phosmetoxon,"Organics, pesticide",61668,3735-33-9
Phosphate,Nutrient,,14265-44-2
"phosphate, total",Nutrient,,14265-44-2
Phosphate-phosphorus,Nutrient,,
Phosphate-phosphorus as P,Nutrient,,
Phosphate-phosphorus as PO4,Nutrient,,
"Phosphoric acid, diethyl 6-methyl-2-(1-methylethyl)-4-pyrimidinyl ester","Organics, pesticide",61638,962-58-3
Phosphorus,Nutrient,,7723-14-0
Phosphorus as P,Nutrient,,
Phytoplankton,Biological,60050,
Picloram,"Organics, pesticide",,2/1/1918
picloram,"Organics, pesticide",,2/1/1918
Pindolol,,,
"Piperidine, 1-(1-phenylcyclohexyl)-, hydrochloride",,,
p-isopropyltoluene,,,
Platinum,"Inorganics, Minor, Metals",,6/4/7440
Plutonium-238,Radiochemical,22001,13981-16-3
Plutonium-239 and Plutonium-240 combined,Radiochemical,49940,
p-Nitroaniline,"Organics, other",,100-01-6
p-Nitrophenol,"Organics, pesticide",,100-02-7
p-Octylphenol,"Organics, other",,1806-26-4
Polychlorinated biphenyls,"Organics, PCBs",39516,1336-36-3
Polyphosphate,,,
potassium,"Inorganics, Major, Metals",,9/7/7440
Potassium,"Inorganics, Major, Metals",935,9/7/7440
Potassium bisulfate,,,
Potassium-40,Radiochemical,,13966-00-2
Praseodymium,"Inorganics, Minor, Metals",,7440-10-0
Prazepam,,,
Precipitation,Physical,45,
Prednisone,,,
"Pregna-1,4-diene-3,20-dione, 11,17,21-trihydroxy-6-methyl-, (6.alpha.,11.beta.)-",,,
Progesterone,"Organics, other",,57-83-0
Prometon,"Organics, pesticide",,1610-18-0
Prometryn,"Organics, pesticide",,7287-19-6
Pronamide,"Organics, pesticide",,23950-58-5
Propachlor,"Organics, pesticide",,1918-16-7
propachlor,"Organics, pesticide",,1918-16-7
Propachlor ESA,"Organics, pesticide",,
Propachlor OA,"Organics, pesticide",,
Propane,"Organics, other",,74-98-6
Propanenitrile,"Organics, other",,107-12-0
Propanil,"Organics, pesticide",,709-98-8
Propargite,"Organics, pesticide",,2312-35-8
Propazine,"Organics, pesticide",,139-40-2
Propham,"Organics, pesticide",39052,122-42-9
Propiconazole,"Organics, pesticide",,60207-90-1
Propoxur,"Organics, pesticide",,114-26-1
Propoxyphene,,,
Propranol,,,
Propylene glycol allyl ether,,,
Protriptyline,,,
p-Xylene,"Organics, other",,106-42-3
p-xylene,"Organics, other",,106-42-3
Pyrene,"Organics, other",,129-00-0
Pyridine,"Organics, other",,110-86-1
Quinoline,"Organics, other",49392,91-22-5
Radium-224,Radiochemical,50833,13233-32-4
Radium-226,Radiochemical,,13982-63-3
radium-226,Radiochemical,,13982-63-3
Radium-226/228,Radiochemical,,
Radium-228,Radiochemical,,15262-20-1
radium-228,Radiochemical,,15262-20-1
radon,Radiochemical,,
Radon-222,Radiochemical,,14859-67-7
Ranitidine,"Organics, other",,66357-35-5
RBP Stream Depth - Run,Physical,,
RBP Stream Velocity,Physical,,
"RBP2, Instream features, sampling reach area",,,
Reservoir storage,Information,54,
Reservoir volume,Information,,
Rhenium,"Inorganics, Minor, Metals",,7440-15-5
Rhodium,"Inorganics, Minor, Metals",,7440-16-6
Ronnel,"Organics, pesticide",,299-84-3
Rotenone,,,83-79-4
Rubidium,"Inorganics, Minor, Metals",,7440-17-7
Ruthenium,"Inorganics, Minor, Metals",,7440-18-8
Salbutamol,,,
Salinity,Physical,,
Samarium,"Inorganics, Minor, Metals",,7440-19-9
Sample flow volume,,,
Scandium,"Inorganics, Minor, Metals",,7440-20-2
Secbutabarbital,,,
sec-Butylbenzene,"Organics, other",,135-98-8
sec-butylbenzene,"Organics, other",,135-98-8
Seconal,,,
Sediment,Sediment,,
Selenium,"Inorganics, Minor, Non-metals",,7782-49-2
selenium,"Inorganics, Minor, Non-metals",,7782-49-2
Selenium-75,Radiochemical,7100,14265-71-5
Sertraline,,,
Seston,Biological,71100,
S-Ethyl dipropylthiocarbamate,"Organics, pesticide",,759-94-4
Settleable solids,Physical,,
Siduron,"Organics, pesticide",38548,1982-49-6
Sildenafil,"Organics, other",,139755-83-2
Silica,"Inorganics, Major, Non-metals",,7631-86-9
silica,"Inorganics, Major, Non-metals",,7631-86-9
Silicon,"Inorganics, Major, Non-metals",,7440-21-3
silicon,"Inorganics, Major, Non-metals",1140,7440-21-3
Silicon as SiO2,"Inorganics, Major, Non-metals",,
Silver,"Inorganics, Minor, Metals",,7440-22-4
silver,"Inorganics, Minor, Metals",,7440-22-4
Silvex,"Organics, pesticide",,93-72-1
Simazine,"Organics, pesticide",,122-34-9
simazine,"Organics, pesticide",,122-34-9
Simetone,"Organics, pesticide",82188,673-04-1
Simetryn,"Organics, pesticide",39054,1014-70-6
Simvastatin,"Organics, other",,79902-63-9
Sodium,"Inorganics, Major, Metals",,7440-23-5
sodium,"Inorganics, Major, Metals",91053,7440-23-5
Sodium adsorption ratio,"Inorganics, Major, Metals",931,
Sodium adsorption ratio [(Na)/(sq root of 1/2 Ca + Mg)],"Inorganics, Major, Metals",,
Sodium carbonate,Physical,71860,497-19-8
Sodium plus potassium,"Inorganics, Major, Metals",,
"Sodium, percent total cations","Inorganics, Major, Metals",932,
"Solar irradiation, local",Physical,30,
Sotalol,"Organics, other",,3930-20-9
specific conductance,Physical,,
Specific conductance,Physical,94,
Specific conductivity,Physical,,
Specific gravity,Physical,,
"Stigmast-5-en-3-ol, (3.beta.)-","Organics, other",62068,83-46-5
"Stigmastan-3-ol, (3.beta.)-","Organics, other",61948,19466-47-8
"Stream flow, instantaneous",Physical,61,
"Stream flow, mean. daily",Physical,60,
Stream stage,Physical,,
Stream velocity,Physical,55,
Stream width measure,Information,,
Strontium,"Inorganics, Minor, Metals",,7440-24-6
"Strontium-87/Strontium-86, ratio",Stable Isotopes,,
"Strontium-87/strontium-86, ratio",Stable Isotopes,75978,
Strontium-89,Radiochemical,15501,14158-27-1
Strontium-90,Radiochemical,,10098-97-2
Strontium-90 and/or yttrium-90,Radiochemical,,
Styrene,"Organics, other",,100-42-5
styrene,"Organics, other",,100-42-5
Sulfamethazine,"Organics, other",,57-68-1
Sulfamethoxazole,"Organics, other",,723-46-6
Sulfamethoxazole-13C6,"Organics, other",,723-46-6
Sulfate,"Inorganics, Major, Non-metals",,14808-79-8
sulfate,"Inorganics, Major, Non-metals",91005,14808-79-8
Sulfate as S,"Inorganics, Major, Non-metals",,
Sulfate as SO4,"Inorganics, Major, Non-metals",,
Sulfide,"Inorganics, Major, Non-metals",,18496-25-8
Sulfometuron methyl,"Organics, pesticide",,74222-97-2
Sulfotep,"Organics, pesticide",,3689-24-5
Sulfur,"Inorganics, Major, Non-metals",,7704-34-9
sulfur,"Inorganics, Major, Non-metals",63719,7704-34-9
Sulfur dioxide,,,
Sulfur hexafluoride,"Inorganics, Minor, Non-metals",63149,2551-62-4
Sulfur-34/Sulfur-32 ratio,Stable Isotopes,49902,
"Sulfur-34/sulfur-32, ratio",Stable Isotopes,49903,
Sum of anions,Physical,,
Sum of cations,Physical,,
Sumatriptan,,,
Surface area,Information,,
Surfactants -- CWA 304B,"Organics, other",38260,
"Surfactants, anionic",,,
Suspended Sediment Concentration (SSC),Sediment,,
Suspended sediment concentration (SSC),Sediment,80154,
Suspended sediment discharge,Sediment,80155,
Tamoxifen,"Organics, other",,10540-29-1
Tantalum,"Inorganics, Minor, Metals",,7440-25-7
tds,Physical,,
Tebuconazole,"Organics, pesticide",,107534-96-3
Tebuthiuron,"Organics, pesticide",,34014-18-1
Tefluthrin,"Organics, pesticide",61606,79538-32-2
Tellurium,"Inorganics, Minor, Non-metals",,13494-80-9
Temazepam,"Organics, other",,846-50-4
temperature (centigrade),Physical,,
"Temperature, air",Physical,,
"Temperature, sample",Physical,,
"Temperature, water",Physical,,
Terbacil,"Organics, pesticide",,5902-51-2
Terbium,"Inorganics, Minor, Metals",,7440-27-9
Terbufos,"Organics, pesticide",,13071-79-9
Terbuthylazine,"Organics, pesticide",,5915-41-3
tert-Amyl methyl ether,"Organics, other",50005,994-05-8
tert-Butanol,"Organics, other",77035,75-65-0
tert-Butylbenzene,"Organics, other",,98-06-6
tert-butylbenzene,"Organics, other",,98-06-6
Testosterone,,,
Tetrachlorobiphenyl,"Organics, PCBs",,
Tetrachloroethylene,Toxicity,,127-18-4
tetrachloroethylene,Toxicity,,127-18-4
Tetrahydrocannabinol,,,
Tetrahydrofuran,"Organics, other",,109-99-9
Thallium,"Inorganics, Minor, Metals",,7440-28-0
"thallium, total","Inorganics, Minor, Metals",,7440-28-0
Thallium-208,Radiochemical,,14913-50-9
Thebaine,,,115-37-7
Thiabendazole,"Organics, pesticide",,148-79-8
Thiamethoxam,"Organics, pesticide",,153719-23-4
Thiobencarb,"Organics, pesticide",,28249-77-6
Thorium-228,Radiochemical,61738,14274-82-9
Thorium-230,Radiochemical,,14269-63-7
Thorium-232,Radiochemical,,7440-29-1
Thorium-234,Radiochemical,,
Thulium,"Inorganics, Minor, Metals",,7440-30-4
Tin,"Inorganics, Minor, Metals",,7440-31-5
Titanium,"Inorganics, Minor, Metals",,7440-32-6
Toluene,"Organics, other",,108-88-3
toluene,"Organics, other",,108-88-3
Total Carbon,"Inorganics, Major, Non-metals",690,7440-44-0
Total Coliform,Microbiological,,
Total coliforms,Microbiological,31501,
Total dissolved solids,Physical,,
Total fixed solids,Physical,,
total haloacetic acids (haa5),"Organics, other",,
Total hardness -- SDWA NPDWR,Physical,900,
total kjeldahl nitrogen (in water mg/l),Nutrient,,
total polychlorinated biphenyls (pcb),"Organics, PCBs",,
Total Sample Volume,Information,,
Total solids,Physical,,
Total suspended solids,Physical,,
Total volatile solids,Physical,,
Toxaphene,"Organics, pesticide",,8001-35-2
toxaphene,"Organics, pesticide",,8001-35-2
"trans-1,2-Dichloroethylene","Organics, other",,156-60-5
"trans-1,2-dichloroethylene","Organics, other",,156-60-5
"trans-1,3-Dichloropropene","Organics, pesticide",,10061-02-6
"trans-1,3-dichloropropene","Organics, pesticide",,10061-02-6
"trans-1,4-Dichloro-2-butene","Organics, other",,110-57-6
trans-Chlordane,"Organics, pesticide",,5103-74-2
trans-Nonachlor,"Organics, pesticide",,39765-80-5
Transpermethrin,"Organics, pesticide",49350,61949-77-7
"Trash, Debris, Floatables",Physical,1320,
Trazodone,,,19794-93-5
Triallate,"Organics, pesticide",,2303-17-5
Triamterene,"Organics, other",,396-01-0
Triazolam,,,28911-01-5
Tribenuron-methyl,"Organics, pesticide",61159,101200-48-0
Tribromomethane,"Organics, other",,75-25-2
Tribufos,"Organics, pesticide",39040,78-48-8
Tributyl phosphate,"Organics, other",,126-73-8
Trichloroacetic acid,"Organics, other",,76-03-9
trichloroacetic acid,"Organics, other",,76-03-9
Trichlorobiphenyl,"Organics, PCBs",,
Trichloroethylene,Toxicity,,79-01-6
trichloroethylene,Toxicity,,79-01-6
trichlorofluoromethane,"Organics, other",,
Trichlorotrifluoroethane,"Organics, other",,
trichlorotrifluoroethane,"Organics, other",,
Triclocarban,"Organics, other",,101-20-2
Triclopyr,"Organics, pesticide",,55335-06-3
Triclosan,"Organics, other",61708,3380-34-5
"Triclosan,C13H10Cl2O- derivative","Organics, other",,
Triethyl citrate,"Organics, other",,77-93-0
Trifluralin,"Organics, pesticide",,1582-09-8
Trihalomethanes,"Organics, other",,
"Trihalomethanes (four), total, from SDWA NPDWR","Organics, other",90851,
Trimethoprim,,,
Trimipramine maleate,,,
Triphenyl phosphate,"Organics, other",,115-86-6
"Tris(1,3-dichloro-2-propyl)phosphate","Organics, other",,
Tris(2-butoxyethyl) phosphate,"Organics, other",,78-51-3
Tris(2-chloroethyl) phosphate,"Organics, other",,115-96-8
Tritium,Radiochemical,,10028-17-8
tritium,Radiochemical,,10028-17-8
True color,Physical,,
tthm,"Organics, other",90851,
Tungsten,"Inorganics, Minor, Metals",,7440-33-7
Turbidity,Physical,,
turbidity,Physical,,
Turbidity severity,Physical,1350,
"Turbidity, hellige",Physical,75,
Tylosin,,,
Unknown,,,
Uranium,Radiochemical,,7440-61-1
Uranium 238/234 ratio,Radiochemical,82087,
Uranium-234,Radiochemical,,13966-29-5
Uranium-234 and/or uranium-235 and/or uranium-238,Radiochemical,22703,
Uranium-234/235/238,Radiochemical,,
Uranium-235,Radiochemical,,15117-96-1
uranium-235,Radiochemical,,15117-96-1
Uranium-236,Radiochemical,,
Uranium-238,Radiochemical,,
USGS,,,
UV 254 -- SDWA NPDWR,Physical,50624,
uv absorbance @254 nm,,,
"UV Absorption, relative conc. of organic constituents",,,
Vahlkampfia,,,
Vanadium,"Inorganics, Minor, Metals",,7440-62-2
"vanadium, total","Inorganics, Minor, Metals",,7440-62-2
Velocity - stream,Physical,81904,
Velocity-discharge,Physical,,
Venlafaxine hydrochloride,,,
Verapamil,,,
Vernolate,"Organics, pesticide",30324,1929-77-7
Vinyl acetate,"Organics, other",,108-05-4
Vinyl bromide,"Organics, other",50002,593-60-2
Vinyl chloride,Toxicity,,75-01-4
vinyl chloride,Toxicity,,75-01-4
Volatile dissolved solids,Physical,520,
Volatile Suspended Solids,Physical,535,
Volume Storage,Information,,
Warfarin,"Organics, other",,81-81-2
Water,,,
Water content of snow,Physical,81026,
"Water level in well, depth from a reference point",Physical,,
"Water transparency, Secchi disc",Physical,77,
Wave height,Physical,,
Weather comments (text),Information,,
Width,Information,,
Wind direction,Physical,36,
"Wind direction (direction from, expressed 0-360 deg)",Physical,,
Wind velocity,Physical,,
Withdrawal rate,Information,72050,
Xenon,"Inorganics, Minor, Non-metals",85567,7440-63-3
Xylene,"Organics, other",,1330-20-7
Xylenes mix of m + o + p,"Organics, other",,
"xylenes, total","Organics, other",,
Ytterbium,"Inorganics, Minor, Metals",,7440-64-4
Yttrium,"Inorganics, Minor, Metals",,7440-65-5
Zinc,"Inorganics, Minor, Metals",,7440-66-6
zinc,"Inorganics, Minor, Metals",,7440-66-6
Zinc-65,Radiochemical,,13982-39-3
Zirconium,"Inorganics, Minor, Metals",,7440-67-7
Zooplankton,Biological,,
